-- --------------------------------------------------------
-- Host:                         127.0.0.1
-- Server version:               10.4.28-MariaDB - mariadb.org binary distribution
-- Server OS:                    Win64
-- HeidiSQL Version:             12.4.0.6659
-- --------------------------------------------------------

/*!40101 SET @OLD_CHARACTER_SET_CLIENT=@@CHARACTER_SET_CLIENT */;
/*!40101 SET NAMES utf8 */;
/*!50503 SET NAMES utf8mb4 */;
/*!40103 SET @OLD_TIME_ZONE=@@TIME_ZONE */;
/*!40103 SET TIME_ZONE='+00:00' */;
/*!40014 SET @OLD_FOREIGN_KEY_CHECKS=@@FOREIGN_KEY_CHECKS, FOREIGN_KEY_CHECKS=0 */;
/*!40101 SET @OLD_SQL_MODE=@@SQL_MODE, SQL_MODE='NO_AUTO_VALUE_ON_ZERO' */;
/*!40111 SET @OLD_SQL_NOTES=@@SQL_NOTES, SQL_NOTES=0 */;


-- Dumping database structure for project_final
CREATE DATABASE IF NOT EXISTS `project_final` /*!40100 DEFAULT CHARACTER SET utf8mb4 COLLATE utf8mb4_general_ci */;
USE `project_final`;

-- Dumping structure for table project_final.accounts
CREATE TABLE IF NOT EXISTS `accounts` (
  `id` bigint(20) NOT NULL AUTO_INCREMENT,
  `password` varchar(256) DEFAULT NULL,
  `username` varchar(255) DEFAULT NULL,
  `student_id` int(11) DEFAULT NULL,
  `teacher_id` int(11) DEFAULT NULL,
  `enable` bit(1) DEFAULT NULL,
  PRIMARY KEY (`id`),
  UNIQUE KEY `UK_k8h1bgqoplx0rkngj01pm1rgp` (`username`),
  UNIQUE KEY `UK_mkcp6vprjvvk0g2y7myabwdk3` (`student_id`),
  UNIQUE KEY `UK_in0sg43m6oab2oj39jou6j1i6` (`teacher_id`),
  CONSTRAINT `FK9etmxgtrumkd1dwvpiu5hj05j` FOREIGN KEY (`teacher_id`) REFERENCES `teachers` (`id_teacher`),
  CONSTRAINT `FKpwleokimhgyv7n21xa5wa6crb` FOREIGN KEY (`student_id`) REFERENCES `students` (`id_student`)
) ENGINE=InnoDB AUTO_INCREMENT=39 DEFAULT CHARSET=utf8mb4 COLLATE=utf8mb4_general_ci;

-- Dumping data for table project_final.accounts: ~33 rows (approximately)
INSERT INTO `accounts` (`id`, `password`, `username`, `student_id`, `teacher_id`, `enable`) VALUES
	(1, '$2a$10$ZYg0FVN2ufcMK7j5sJgRUOThMh7XAiawyfjuktoVtx5zXNv2MJrIi', 'ST1', 1, NULL, b'1'),
	(2, '$2a$12$OGy17PTdVfs2493w13D7zetVfjq6eO5xFkooasD8rVh247uY/g5W.', 'admin', NULL, NULL, b'1'),
	(3, '$2a$10$oHGyO9GWuKCMDzPbnGOa7eqT.lwaLqA4HY2Xso0xfPsgg6LvLTC0.', 'TE1', NULL, 1, b'1'),
	(7, '$2a$10$MOX8fpafrco1cBTBs.EQ7OQ1QGrsn4YMh7u0d3a5Tfp4lXF//q0gS', 'ST11', 11, NULL, b'1'),
	(9, '$2a$10$cL2dTzP8D200lmISLqODDuygix9icxrcc6DewJ/Mez7NxCeCEJSNG', 'ST13', 13, NULL, b'1'),
	(10, '$2a$10$aiCfbTbcEbRUQ2VnkEOYTOqYcfPZrS8HzHKvrOZI6y/f6nYzr.wVa', 'ST14', 14, NULL, b'1'),
	(11, '$2a$10$ItWrbCyWCUbSd1UdEXfIMOPuDmeXuAwFL.pwNwgg2BdUROWR4NYIm', 'ST15', 15, NULL, b'1'),
	(12, '$2a$10$oHGyO9GWuKCMDzPbnGOa7eqT.lwaLqA4HY2Xso0xfPsgg6LvLTC0.', 'TE2', NULL, 2, b'1'),
	(13, '$2a$10$oHGyO9GWuKCMDzPbnGOa7eqT.lwaLqA4HY2Xso0xfPsgg6LvLTC0.', 'TE3', NULL, 3, b'1'),
	(14, '$2a$10$oHGyO9GWuKCMDzPbnGOa7eqT.lwaLqA4HY2Xso0xfPsgg6LvLTC0.', 'TE4', NULL, 4, b'1'),
	(15, '$2a$10$oHGyO9GWuKCMDzPbnGOa7eqT.lwaLqA4HY2Xso0xfPsgg6LvLTC0.', 'TE5', NULL, 5, b'1'),
	(16, '$2a$10$oHGyO9GWuKCMDzPbnGOa7eqT.lwaLqA4HY2Xso0xfPsgg6LvLTC0.', 'TE6', NULL, 6, b'1'),
	(17, '$2a$10$oHGyO9GWuKCMDzPbnGOa7eqT.lwaLqA4HY2Xso0xfPsgg6LvLTC0.', 'TE7', NULL, 7, b'1'),
	(18, '$2a$10$oHGyO9GWuKCMDzPbnGOa7eqT.lwaLqA4HY2Xso0xfPsgg6LvLTC0.', 'TE8', NULL, 8, b'1'),
	(19, '$2a$10$oHGyO9GWuKCMDzPbnGOa7eqT.lwaLqA4HY2Xso0xfPsgg6LvLTC0.', 'TE9', NULL, 9, b'1'),
	(20, '$2a$10$oHGyO9GWuKCMDzPbnGOa7eqT.lwaLqA4HY2Xso0xfPsgg6LvLTC0.', 'TE10', NULL, 10, b'1'),
	(21, '$2a$10$oHGyO9GWuKCMDzPbnGOa7eqT.lwaLqA4HY2Xso0xfPsgg6LvLTC0.', 'TE11', NULL, 11, b'1'),
	(22, '$2a$10$oHGyO9GWuKCMDzPbnGOa7eqT.lwaLqA4HY2Xso0xfPsgg6LvLTC0.', 'TE12', NULL, 12, b'1'),
	(23, '$2a$10$oHGyO9GWuKCMDzPbnGOa7eqT.lwaLqA4HY2Xso0xfPsgg6LvLTC0.', 'TE13', NULL, 13, b'1'),
	(24, '$2a$10$oHGyO9GWuKCMDzPbnGOa7eqT.lwaLqA4HY2Xso0xfPsgg6LvLTC0.', 'TE14', NULL, 14, b'1'),
	(25, '$2a$10$oHGyO9GWuKCMDzPbnGOa7eqT.lwaLqA4HY2Xso0xfPsgg6LvLTC0.', 'TE15', NULL, 15, b'1'),
	(26, '$2a$10$oHGyO9GWuKCMDzPbnGOa7eqT.lwaLqA4HY2Xso0xfPsgg6LvLTC0.', 'TE16', NULL, 16, b'1'),
	(27, '$2a$10$oHGyO9GWuKCMDzPbnGOa7eqT.lwaLqA4HY2Xso0xfPsgg6LvLTC0.', 'TE17', NULL, 17, b'1'),
	(28, '$2a$10$oHGyO9GWuKCMDzPbnGOa7eqT.lwaLqA4HY2Xso0xfPsgg6LvLTC0.', 'TE18', NULL, 18, b'1'),
	(29, '$2a$10$oHGyO9GWuKCMDzPbnGOa7eqT.lwaLqA4HY2Xso0xfPsgg6LvLTC0.', 'TE19', NULL, 19, b'1'),
	(30, '$2a$10$oHGyO9GWuKCMDzPbnGOa7eqT.lwaLqA4HY2Xso0xfPsgg6LvLTC0.', 'TE20', NULL, 20, b'1'),
	(31, '$2a$10$oHGyO9GWuKCMDzPbnGOa7eqT.lwaLqA4HY2Xso0xfPsgg6LvLTC0.', 'TE21', NULL, 21, b'1'),
	(32, '$2a$10$oHGyO9GWuKCMDzPbnGOa7eqT.lwaLqA4HY2Xso0xfPsgg6LvLTC0.', 'TE22', NULL, 22, b'1'),
	(33, '$2a$10$oHGyO9GWuKCMDzPbnGOa7eqT.lwaLqA4HY2Xso0xfPsgg6LvLTC0.', 'TE23', NULL, 23, b'1'),
	(34, '$2a$10$oHGyO9GWuKCMDzPbnGOa7eqT.lwaLqA4HY2Xso0xfPsgg6LvLTC0.', 'TE24', NULL, 24, b'1'),
	(35, '$2a$10$oHGyO9GWuKCMDzPbnGOa7eqT.lwaLqA4HY2Xso0xfPsgg6LvLTC0.', 'TE25', NULL, 25, b'1'),
	(36, '$2a$10$oHGyO9GWuKCMDzPbnGOa7eqT.lwaLqA4HY2Xso0xfPsgg6LvLTC0.', 'TE26', NULL, 26, b'1'),
	(37, '$2a$10$oHGyO9GWuKCMDzPbnGOa7eqT.lwaLqA4HY2Xso0xfPsgg6LvLTC0.', 'TE27', NULL, 27, b'1');

-- Dumping structure for table project_final.accounts_roles
CREATE TABLE IF NOT EXISTS `accounts_roles` (
  `account_id` bigint(20) NOT NULL,
  `role_id` int(11) NOT NULL,
  KEY `FKpwest19ib22ux5gk54esw9qve` (`role_id`),
  KEY `FKt44duw96d6v8xrapfo4ff2up6` (`account_id`),
  CONSTRAINT `FKpwest19ib22ux5gk54esw9qve` FOREIGN KEY (`role_id`) REFERENCES `roles` (`id`),
  CONSTRAINT `FKt44duw96d6v8xrapfo4ff2up6` FOREIGN KEY (`account_id`) REFERENCES `accounts` (`id`)
) ENGINE=InnoDB DEFAULT CHARSET=utf8mb4 COLLATE=utf8mb4_general_ci;

-- Dumping data for table project_final.accounts_roles: ~33 rows (approximately)
INSERT INTO `accounts_roles` (`account_id`, `role_id`) VALUES
	(2, 1),
	(1, 2),
	(3, 3),
	(27, 3),
	(9, 2),
	(10, 2),
	(11, 2),
	(12, 3),
	(13, 3),
	(14, 3),
	(15, 3),
	(25, 3),
	(16, 3),
	(17, 3),
	(18, 3),
	(19, 3),
	(21, 3),
	(22, 3),
	(23, 3),
	(20, 3),
	(24, 3),
	(7, 2),
	(26, 3),
	(28, 3),
	(29, 3),
	(30, 3),
	(31, 3),
	(32, 3),
	(35, 3),
	(33, 3),
	(34, 3),
	(37, 3),
	(36, 3);

-- Dumping structure for table project_final.classes
CREATE TABLE IF NOT EXISTS `classes` (
  `id_class` int(11) NOT NULL AUTO_INCREMENT,
  `enrollment` int(11) DEFAULT NULL,
  `group_name` varchar(255) DEFAULT NULL,
  `name_class` varchar(255) DEFAULT NULL,
  `school_year` int(11) DEFAULT NULL,
  `id_school` int(11) DEFAULT NULL,
  `id_teacher` int(11) DEFAULT NULL,
  PRIMARY KEY (`id_class`) USING BTREE,
  UNIQUE KEY `UK_iv3lob0k7i6i56ybjoflbl2q4` (`id_teacher`),
  KEY `FKc2lkcfvdkqw1wdpq3tw1dfacs` (`id_school`),
  CONSTRAINT `FKc2lkcfvdkqw1wdpq3tw1dfacs` FOREIGN KEY (`id_school`) REFERENCES `schools` (`id_school`),
  CONSTRAINT `FKcfcfnh6xuls79g60hvmg9jcbh` FOREIGN KEY (`id_teacher`) REFERENCES `teachers` (`id_teacher`)
) ENGINE=InnoDB AUTO_INCREMENT=28 DEFAULT CHARSET=utf8mb4 COLLATE=utf8mb4_general_ci;

-- Dumping data for table project_final.classes: ~27 rows (approximately)
INSERT INTO `classes` (`id_class`, `enrollment`, `group_name`, `name_class`, `school_year`, `id_school`, `id_teacher`) VALUES
	(1, 30, '10', '10C1', 2023, 1, 1),
	(2, 30, '10', '10C2', 2023, 1, 2),
	(3, 30, '10', '10C3', 2023, 1, 3),
	(4, 30, '11', '11B1', 2022, 1, 4),
	(5, 30, '11', '11B2', 2022, 1, 5),
	(6, 30, '11', '11B3', 2022, 1, 6),
	(7, 30, '12', '12A1', 2021, 1, 7),
	(8, 30, '12', '12A2', 2021, 1, 8),
	(9, 30, '12', '12A3', 2021, 1, 9),
	(10, 40, '10', '10C1', 2021, 2, 10),
	(11, 40, '10', '10C2', 2021, 2, 11),
	(12, 40, '10', '10C3', 2021, 2, 12),
	(13, 40, '11', '11B1', 2022, 2, 13),
	(14, 40, '11', '11B2', 2022, 2, 14),
	(15, 40, '11', '11B3', 2022, 2, 15),
	(16, 40, '12', '12A1', 2021, 2, 16),
	(17, 40, '12', '12A2', 2021, 2, 17),
	(18, 40, '12', '12A3', 2021, 2, 18),
	(19, 35, '10', '10C1', 2023, 3, 19),
	(20, 35, '10', '10C2', 2023, 3, 20),
	(21, 35, '10', '10C3', 2023, 3, 21),
	(22, 35, '11', '11B1', 2023, 3, 22),
	(23, 35, '11', '11B2', 2023, 3, 23),
	(24, 35, '11', '11B3', 2023, 3, 24),
	(25, 35, '12', '12A1', 2023, 3, 25),
	(26, 35, '12', '12A2', 2023, 3, 26),
	(27, 35, '12', '12A3', 2023, 3, 27);

-- Dumping structure for table project_final.parents
CREATE TABLE IF NOT EXISTS `parents` (
  `id_parent` int(11) NOT NULL AUTO_INCREMENT,
  `name_parent` varchar(255) DEFAULT NULL,
  `phone_number` varchar(255) DEFAULT NULL,
  `id_student` int(11) DEFAULT NULL,
  PRIMARY KEY (`id_parent`),
  UNIQUE KEY `UK_nf8a1bpwt4y86tiak0sdcgobj` (`id_student`),
  CONSTRAINT `FKiysby2bxpkyda6bmyeam3f9lp` FOREIGN KEY (`id_student`) REFERENCES `students` (`id_student`)
) ENGINE=InnoDB AUTO_INCREMENT=24 DEFAULT CHARSET=utf8mb4 COLLATE=utf8mb4_general_ci;

-- Dumping data for table project_final.parents: ~5 rows (approximately)
INSERT INTO `parents` (`id_parent`, `name_parent`, `phone_number`, `id_student`) VALUES
	(1, 'Trần Văn Linh', '0956984517', 1),
	(20, '', '', 6),
	(21, '', '', 7),
	(22, 'Nam', '0863254157', 15),
	(23, 'Đông', '0963251478', 13);

-- Dumping structure for table project_final.report_card
CREATE TABLE IF NOT EXISTS `report_card` (
  `id_report_card` int(11) NOT NULL AUTO_INCREMENT,
  `id_student` int(11) DEFAULT NULL,
  `id_subject` int(11) DEFAULT NULL,
  PRIMARY KEY (`id_report_card`),
  KEY `FKkp7i61s5hrv734y6rnejctcoq` (`id_student`) USING BTREE,
  KEY `UK_qv7btu9fsvv3bhtbuwwvw81uy` (`id_subject`) USING BTREE,
  CONSTRAINT `FK_report_card_subjects` FOREIGN KEY (`id_subject`) REFERENCES `subjects` (`id_subject`),
  CONSTRAINT `FKkp7i61s5hrv734y6rnejctcoq` FOREIGN KEY (`id_student`) REFERENCES `students` (`id_student`)
) ENGINE=InnoDB AUTO_INCREMENT=106 DEFAULT CHARSET=utf8mb4 COLLATE=utf8mb4_general_ci;

-- Dumping data for table project_final.report_card: ~56 rows (approximately)
INSERT INTO `report_card` (`id_report_card`, `id_student`, `id_subject`) VALUES
	(1, 1, 1),
	(2, 1, 2),
	(3, 1, 3),
	(4, 1, 4),
	(5, 1, 5),
	(6, 1, 6),
	(13, 6, 1),
	(14, 6, 2),
	(15, 6, 3),
	(16, 6, 4),
	(17, 6, 5),
	(18, 6, 6),
	(24, 7, 1),
	(25, 7, 2),
	(26, 7, 3),
	(27, 7, 4),
	(28, 7, 5),
	(29, 7, 6),
	(30, 1, 7),
	(34, 6, 7),
	(35, 7, 7),
	(36, 1, 8),
	(40, 6, 8),
	(41, 7, 8),
	(66, 11, 1),
	(67, 11, 2),
	(68, 11, 3),
	(69, 11, 4),
	(70, 11, 5),
	(71, 11, 6),
	(72, 11, 7),
	(73, 11, 8),
	(82, 13, 1),
	(83, 13, 2),
	(84, 13, 3),
	(85, 13, 4),
	(86, 13, 5),
	(87, 13, 6),
	(88, 13, 7),
	(89, 13, 8),
	(90, 14, 1),
	(91, 14, 2),
	(92, 14, 3),
	(93, 14, 4),
	(94, 14, 5),
	(95, 14, 6),
	(96, 14, 7),
	(97, 14, 8),
	(98, 15, 1),
	(99, 15, 2),
	(100, 15, 3),
	(101, 15, 4),
	(102, 15, 5),
	(103, 15, 6),
	(104, 15, 7),
	(105, 15, 8);

-- Dumping structure for table project_final.report_card_detail
CREATE TABLE IF NOT EXISTS `report_card_detail` (
  `id` int(11) NOT NULL AUTO_INCREMENT,
  `date_report` date DEFAULT NULL,
  `name_report` varchar(255) DEFAULT NULL,
  `score` double NOT NULL,
  `semester` varchar(255) DEFAULT NULL,
  `id_report_card` int(11) DEFAULT NULL,
  PRIMARY KEY (`id`),
  KEY `FKf8r32amubw0pfuwceqger059g` (`id_report_card`),
  CONSTRAINT `FKf8r32amubw0pfuwceqger059g` FOREIGN KEY (`id_report_card`) REFERENCES `report_card` (`id_report_card`)
) ENGINE=InnoDB AUTO_INCREMENT=597 DEFAULT CHARSET=utf8mb4 COLLATE=utf8mb4_general_ci;

-- Dumping data for table project_final.report_card_detail: ~336 rows (approximately)
INSERT INTO `report_card_detail` (`id`, `date_report`, `name_report`, `score`, `semester`, `id_report_card`) VALUES
	(1, '2023-08-08', '15', 8.5, 'HK1', 1),
	(2, '2023-08-08', '45', 9, 'HK1', 1),
	(3, '2023-08-08', 'Final', 9.5, 'HK1', 1),
	(4, '2023-08-08', '15', 9, 'HK2', 1),
	(5, '2023-08-08', '45', 6, 'HK2', 1),
	(6, '2023-08-08', 'Final', 6, 'HK2', 1),
	(7, '2023-08-08', '15', 2, 'HK1', 2),
	(8, '2023-08-08', '45', 10, 'HK1', 2),
	(9, '2023-08-08', 'Final', 7, 'HK1', 2),
	(10, '2023-08-08', '15', 6, 'HK2', 2),
	(11, '2023-08-08', '45', 7.5, 'HK2', 2),
	(12, '2023-08-08', 'Final', 8, 'HK2', 2),
	(13, '2023-08-08', '15', 9.5, 'HK1', 3),
	(14, '2023-08-08', '45', 7, 'HK1', 3),
	(15, '2023-08-08', 'Final', 9, 'HK1', 3),
	(16, '2023-08-08', '15', 5, 'HK2', 3),
	(17, '2023-08-08', '45', 7.5, 'HK2', 3),
	(18, '2023-08-08', 'Final', 6, 'HK2', 3),
	(21, '2023-08-08', '15', 9.5, 'HK1', 4),
	(22, '2023-08-08', '45', 7, 'HK1', 4),
	(23, '2023-08-08', 'Final', 9, 'HK1', 4),
	(24, '2023-08-08', '15', 5, 'HK2', 4),
	(25, '2023-08-08', '45', 7.5, 'HK2', 4),
	(26, '2023-08-08', 'Final', 6, 'HK2', 4),
	(27, '2023-08-08', '15', 7, 'HK1', 5),
	(28, '2023-08-08', '45', 4, 'HK1', 5),
	(29, '2023-08-08', 'Final', 9, 'HK1', 5),
	(30, '2023-08-08', '15', 7, 'HK2', 5),
	(31, '2023-08-08', '45', 8, 'HK2', 5),
	(32, '2023-08-08', 'Final', 4, 'HK2', 5),
	(33, '2023-08-08', '15', 9.5, 'HK1', 6),
	(34, '2023-08-08', '45', 7, 'HK1', 6),
	(35, '2023-08-08', 'Final', 9, 'HK1', 6),
	(36, '2023-08-08', '15', 5, 'HK2', 6),
	(37, '2023-08-08', '45', 7.5, 'HK2', 6),
	(38, '2023-08-08', 'Final', 6, 'HK2', 6),
	(39, NULL, '15', 8, 'HK1', 13),
	(40, NULL, '45', 7, 'HK1', 13),
	(41, NULL, 'Final', 6, 'HK1', 13),
	(42, NULL, '15', 7, 'HK2', 13),
	(43, NULL, '45', 8, 'HK2', 13),
	(44, NULL, 'Final', 9, 'HK2', 13),
	(45, NULL, '15', 9, 'HK1', 14),
	(46, NULL, '45', 7, 'HK1', 14),
	(47, NULL, 'Final', 5, 'HK1', 14),
	(48, NULL, '15', 9, 'HK2', 14),
	(49, NULL, '45', 7, 'HK2', 14),
	(50, NULL, 'Final', 6, 'HK2', 14),
	(51, NULL, '15', 8, 'HK1', 15),
	(52, NULL, '45', 6, 'HK1', 15),
	(53, NULL, 'Final', 8, 'HK1', 15),
	(54, NULL, '15', 7, 'HK2', 15),
	(55, NULL, '45', 9, 'HK2', 15),
	(56, NULL, 'Final', 7, 'HK2', 15),
	(57, NULL, '15', 6, 'HK1', 16),
	(58, NULL, '45', 9, 'HK1', 16),
	(59, NULL, 'Final', 4, 'HK1', 16),
	(60, NULL, '15', 7, 'HK2', 16),
	(61, NULL, '45', 9, 'HK2', 16),
	(62, NULL, 'Final', 8, 'HK2', 16),
	(63, NULL, '15', 10, 'HK1', 17),
	(64, NULL, '45', 9, 'HK1', 17),
	(65, NULL, 'Final', 9, 'HK1', 17),
	(66, NULL, '15', 7, 'HK2', 17),
	(67, NULL, '45', 10, 'HK2', 17),
	(68, NULL, 'Final', 8, 'HK2', 17),
	(69, NULL, '15', 9, 'HK1', 18),
	(70, NULL, '45', 7, 'HK1', 18),
	(71, NULL, 'Final', 4, 'HK1', 18),
	(72, NULL, '15', 4, 'HK2', 18),
	(73, NULL, '45', 6, 'HK2', 18),
	(74, NULL, 'Final', 9, 'HK2', 18),
	(105, NULL, '15', 0, 'HK1', 24),
	(106, NULL, '45', 0, 'HK1', 24),
	(107, NULL, 'Final', 0, 'HK1', 24),
	(108, NULL, '15', 0, 'HK2', 24),
	(109, NULL, '45', 0, 'HK2', 24),
	(110, NULL, 'Final', 0, 'HK2', 24),
	(111, NULL, '15', 0, 'HK1', 25),
	(112, NULL, '45', 0, 'HK1', 25),
	(113, NULL, 'Final', 0, 'HK1', 25),
	(114, NULL, '15', 0, 'HK2', 25),
	(115, NULL, '45', 0, 'HK2', 25),
	(116, NULL, 'Final', 0, 'HK2', 25),
	(117, NULL, '15', 0, 'HK1', 26),
	(118, NULL, '45', 0, 'HK1', 26),
	(119, NULL, 'Final', 0, 'HK1', 26),
	(120, NULL, '15', 0, 'HK2', 26),
	(121, NULL, '45', 0, 'HK2', 26),
	(122, NULL, 'Final', 0, 'HK2', 26),
	(123, NULL, '15', 0, 'HK1', 27),
	(124, NULL, '45', 0, 'HK1', 27),
	(125, NULL, 'Final', 0, 'HK1', 27),
	(126, NULL, '15', 0, 'HK2', 27),
	(127, NULL, '45', 0, 'HK2', 27),
	(128, NULL, 'Final', 0, 'HK2', 27),
	(129, NULL, '15', 0, 'HK1', 28),
	(130, NULL, '45', 0, 'HK1', 28),
	(131, NULL, 'Final', 0, 'HK1', 28),
	(132, NULL, '15', 0, 'HK2', 28),
	(133, NULL, '45', 0, 'HK2', 28),
	(134, NULL, 'Final', 0, 'HK2', 28),
	(135, NULL, '15', 0, 'HK1', 29),
	(136, NULL, '45', 0, 'HK1', 29),
	(137, NULL, 'Final', 0, 'HK1', 29),
	(138, NULL, '15', 0, 'HK2', 29),
	(139, NULL, '45', 0, 'HK2', 29),
	(140, NULL, 'Final', 0, 'HK2', 29),
	(141, NULL, '15', 5, 'HK1', 30),
	(142, NULL, '45', 7, 'HK1', 30),
	(143, NULL, 'Final', 9, 'HK1', 30),
	(144, NULL, '15', 9, 'HK2', 30),
	(145, NULL, '45', 8, 'HK2', 30),
	(146, NULL, 'Final', 9.5, 'HK2', 30),
	(165, NULL, '15', 10, 'HK1', 34),
	(166, NULL, '45', 10, 'HK1', 34),
	(167, NULL, 'Final', 10, 'HK1', 34),
	(168, NULL, '15', 10, 'HK2', 34),
	(169, NULL, '45', 8, 'HK2', 34),
	(170, NULL, 'Final', 10, 'HK2', 34),
	(171, NULL, '15', 0, 'HK1', 35),
	(172, NULL, '45', 0, 'HK1', 35),
	(173, NULL, 'Final', 0, 'HK1', 35),
	(174, NULL, '15', 0, 'HK2', 35),
	(175, NULL, '45', 0, 'HK2', 35),
	(176, NULL, 'Final', 0, 'HK2', 35),
	(177, NULL, '15', 6, 'HK1', 36),
	(178, NULL, '45', 5, 'HK1', 36),
	(179, NULL, 'Final', 7, 'HK1', 36),
	(180, NULL, '15', 9, 'HK2', 36),
	(181, NULL, '45', 7.5, 'HK2', 36),
	(182, NULL, 'Final', 8, 'HK2', 36),
	(201, NULL, '15', 9.5, 'HK1', 40),
	(202, NULL, '45', 5, 'HK1', 40),
	(203, NULL, 'Final', 8, 'HK1', 40),
	(204, NULL, '15', 9, 'HK2', 40),
	(205, NULL, '45', 7.5, 'HK2', 40),
	(206, NULL, 'Final', 10, 'HK2', 40),
	(207, NULL, '15', 0, 'HK1', 41),
	(208, NULL, '45', 0, 'HK1', 41),
	(209, NULL, 'Final', 0, 'HK1', 41),
	(210, NULL, '15', 0, 'HK2', 41),
	(211, NULL, '45', 0, 'HK2', 41),
	(212, NULL, 'Final', 0, 'HK2', 41),
	(357, NULL, '15', 0, 'HK1', 66),
	(358, NULL, '45', 0, 'HK1', 66),
	(359, NULL, 'Final', 0, 'HK1', 66),
	(360, NULL, '15', 0, 'HK2', 66),
	(361, NULL, '45', 0, 'HK2', 66),
	(362, NULL, 'Final', 0, 'HK2', 66),
	(363, NULL, '15', 0, 'HK1', 67),
	(364, NULL, '45', 0, 'HK1', 67),
	(365, NULL, 'Final', 0, 'HK1', 67),
	(366, NULL, '15', 0, 'HK2', 67),
	(367, NULL, '45', 0, 'HK2', 67),
	(368, NULL, 'Final', 0, 'HK2', 67),
	(369, NULL, '15', 0, 'HK1', 68),
	(370, NULL, '45', 0, 'HK1', 68),
	(371, NULL, 'Final', 0, 'HK1', 68),
	(372, NULL, '15', 0, 'HK2', 68),
	(373, NULL, '45', 0, 'HK2', 68),
	(374, NULL, 'Final', 0, 'HK2', 68),
	(375, NULL, '15', 0, 'HK1', 69),
	(376, NULL, '45', 0, 'HK1', 69),
	(377, NULL, 'Final', 0, 'HK1', 69),
	(378, NULL, '15', 0, 'HK2', 69),
	(379, NULL, '45', 0, 'HK2', 69),
	(380, NULL, 'Final', 0, 'HK2', 69),
	(381, NULL, '15', 0, 'HK1', 70),
	(382, NULL, '45', 0, 'HK1', 70),
	(383, NULL, 'Final', 0, 'HK1', 70),
	(384, NULL, '15', 0, 'HK2', 70),
	(385, NULL, '45', 0, 'HK2', 70),
	(386, NULL, 'Final', 0, 'HK2', 70),
	(387, NULL, '15', 0, 'HK1', 71),
	(388, NULL, '45', 0, 'HK1', 71),
	(389, NULL, 'Final', 0, 'HK1', 71),
	(390, NULL, '15', 0, 'HK2', 71),
	(391, NULL, '45', 0, 'HK2', 71),
	(392, NULL, 'Final', 0, 'HK2', 71),
	(393, NULL, '15', 0, 'HK1', 72),
	(394, NULL, '45', 0, 'HK1', 72),
	(395, NULL, 'Final', 0, 'HK1', 72),
	(396, NULL, '15', 0, 'HK2', 72),
	(397, NULL, '45', 0, 'HK2', 72),
	(398, NULL, 'Final', 0, 'HK2', 72),
	(399, NULL, '15', 0, 'HK1', 73),
	(400, NULL, '45', 0, 'HK1', 73),
	(401, NULL, 'Final', 0, 'HK1', 73),
	(402, NULL, '15', 0, 'HK2', 73),
	(403, NULL, '45', 0, 'HK2', 73),
	(404, NULL, 'Final', 0, 'HK2', 73),
	(453, NULL, '15', 1, 'HK1', 82),
	(454, NULL, '45', 1, 'HK1', 82),
	(455, NULL, 'Final', 1, 'HK1', 82),
	(456, NULL, '15', 1, 'HK2', 82),
	(457, NULL, '45', 1, 'HK2', 82),
	(458, NULL, 'Final', 1, 'HK2', 82),
	(459, NULL, '15', 4, 'HK1', 83),
	(460, NULL, '45', 4, 'HK1', 83),
	(461, NULL, 'Final', 4, 'HK1', 83),
	(462, NULL, '15', 4, 'HK2', 83),
	(463, NULL, '45', 4, 'HK2', 83),
	(464, NULL, 'Final', 4, 'HK2', 83),
	(465, NULL, '15', 0, 'HK1', 84),
	(466, NULL, '45', 0, 'HK1', 84),
	(467, NULL, 'Final', 0, 'HK1', 84),
	(468, NULL, '15', 0, 'HK2', 84),
	(469, NULL, '45', 0, 'HK2', 84),
	(470, NULL, 'Final', 0, 'HK2', 84),
	(471, NULL, '15', 0, 'HK1', 85),
	(472, NULL, '45', 0, 'HK1', 85),
	(473, NULL, 'Final', 0, 'HK1', 85),
	(474, NULL, '15', 0, 'HK2', 85),
	(475, NULL, '45', 0, 'HK2', 85),
	(476, NULL, 'Final', 0, 'HK2', 85),
	(477, NULL, '15', 0, 'HK1', 86),
	(478, NULL, '45', 0, 'HK1', 86),
	(479, NULL, 'Final', 0, 'HK1', 86),
	(480, NULL, '15', 0, 'HK2', 86),
	(481, NULL, '45', 0, 'HK2', 86),
	(482, NULL, 'Final', 0, 'HK2', 86),
	(483, NULL, '15', 0, 'HK1', 87),
	(484, NULL, '45', 0, 'HK1', 87),
	(485, NULL, 'Final', 0, 'HK1', 87),
	(486, NULL, '15', 0, 'HK2', 87),
	(487, NULL, '45', 0, 'HK2', 87),
	(488, NULL, 'Final', 0, 'HK2', 87),
	(489, NULL, '15', 0, 'HK1', 88),
	(490, NULL, '45', 0, 'HK1', 88),
	(491, NULL, 'Final', 0, 'HK1', 88),
	(492, NULL, '15', 0, 'HK2', 88),
	(493, NULL, '45', 0, 'HK2', 88),
	(494, NULL, 'Final', 0, 'HK2', 88),
	(495, NULL, '15', 0, 'HK1', 89),
	(496, NULL, '45', 0, 'HK1', 89),
	(497, NULL, 'Final', 0, 'HK1', 89),
	(498, NULL, '15', 0, 'HK2', 89),
	(499, NULL, '45', 0, 'HK2', 89),
	(500, NULL, 'Final', 0, 'HK2', 89),
	(501, NULL, '15', 0, 'HK1', 90),
	(502, NULL, '45', 0, 'HK1', 90),
	(503, NULL, 'Final', 0, 'HK1', 90),
	(504, NULL, '15', 0, 'HK2', 90),
	(505, NULL, '45', 0, 'HK2', 90),
	(506, NULL, 'Final', 0, 'HK2', 90),
	(507, NULL, '15', 0, 'HK1', 91),
	(508, NULL, '45', 0, 'HK1', 91),
	(509, NULL, 'Final', 0, 'HK1', 91),
	(510, NULL, '15', 0, 'HK2', 91),
	(511, NULL, '45', 0, 'HK2', 91),
	(512, NULL, 'Final', 0, 'HK2', 91),
	(513, NULL, '15', 0, 'HK1', 92),
	(514, NULL, '45', 0, 'HK1', 92),
	(515, NULL, 'Final', 0, 'HK1', 92),
	(516, NULL, '15', 0, 'HK2', 92),
	(517, NULL, '45', 0, 'HK2', 92),
	(518, NULL, 'Final', 0, 'HK2', 92),
	(519, NULL, '15', 0, 'HK1', 93),
	(520, NULL, '45', 0, 'HK1', 93),
	(521, NULL, 'Final', 0, 'HK1', 93),
	(522, NULL, '15', 0, 'HK2', 93),
	(523, NULL, '45', 0, 'HK2', 93),
	(524, NULL, 'Final', 0, 'HK2', 93),
	(525, NULL, '15', 0, 'HK1', 94),
	(526, NULL, '45', 0, 'HK1', 94),
	(527, NULL, 'Final', 0, 'HK1', 94),
	(528, NULL, '15', 0, 'HK2', 94),
	(529, NULL, '45', 0, 'HK2', 94),
	(530, NULL, 'Final', 0, 'HK2', 94),
	(531, NULL, '15', 0, 'HK1', 95),
	(532, NULL, '45', 0, 'HK1', 95),
	(533, NULL, 'Final', 0, 'HK1', 95),
	(534, NULL, '15', 0, 'HK2', 95),
	(535, NULL, '45', 0, 'HK2', 95),
	(536, NULL, 'Final', 0, 'HK2', 95),
	(537, NULL, '15', 0, 'HK1', 96),
	(538, NULL, '45', 0, 'HK1', 96),
	(539, NULL, 'Final', 0, 'HK1', 96),
	(540, NULL, '15', 0, 'HK2', 96),
	(541, NULL, '45', 0, 'HK2', 96),
	(542, NULL, 'Final', 0, 'HK2', 96),
	(543, NULL, '15', 0, 'HK1', 97),
	(544, NULL, '45', 0, 'HK1', 97),
	(545, NULL, 'Final', 0, 'HK1', 97),
	(546, NULL, '15', 0, 'HK2', 97),
	(547, NULL, '45', 0, 'HK2', 97),
	(548, NULL, 'Final', 0, 'HK2', 97),
	(549, NULL, '15', 0, 'HK1', 98),
	(550, NULL, '45', 0, 'HK1', 98),
	(551, NULL, 'Final', 0, 'HK1', 98),
	(552, NULL, '15', 0, 'HK2', 98),
	(553, NULL, '45', 0, 'HK2', 98),
	(554, NULL, 'Final', 0, 'HK2', 98),
	(555, NULL, '15', 0, 'HK1', 99),
	(556, NULL, '45', 0, 'HK1', 99),
	(557, NULL, 'Final', 0, 'HK1', 99),
	(558, NULL, '15', 0, 'HK2', 99),
	(559, NULL, '45', 0, 'HK2', 99),
	(560, NULL, 'Final', 0, 'HK2', 99),
	(561, NULL, '15', 0, 'HK1', 100),
	(562, NULL, '45', 0, 'HK1', 100),
	(563, NULL, 'Final', 0, 'HK1', 100),
	(564, NULL, '15', 0, 'HK2', 100),
	(565, NULL, '45', 0, 'HK2', 100),
	(566, NULL, 'Final', 0, 'HK2', 100),
	(567, NULL, '15', 0, 'HK1', 101),
	(568, NULL, '45', 0, 'HK1', 101),
	(569, NULL, 'Final', 0, 'HK1', 101),
	(570, NULL, '15', 0, 'HK2', 101),
	(571, NULL, '45', 0, 'HK2', 101),
	(572, NULL, 'Final', 0, 'HK2', 101),
	(573, NULL, '15', 0, 'HK1', 102),
	(574, NULL, '45', 0, 'HK1', 102),
	(575, NULL, 'Final', 0, 'HK1', 102),
	(576, NULL, '15', 0, 'HK2', 102),
	(577, NULL, '45', 0, 'HK2', 102),
	(578, NULL, 'Final', 0, 'HK2', 102),
	(579, NULL, '15', 0, 'HK1', 103),
	(580, NULL, '45', 0, 'HK1', 103),
	(581, NULL, 'Final', 0, 'HK1', 103),
	(582, NULL, '15', 0, 'HK2', 103),
	(583, NULL, '45', 0, 'HK2', 103),
	(584, NULL, 'Final', 0, 'HK2', 103),
	(585, NULL, '15', 0, 'HK1', 104),
	(586, NULL, '45', 0, 'HK1', 104),
	(587, NULL, 'Final', 0, 'HK1', 104),
	(588, NULL, '15', 0, 'HK2', 104),
	(589, NULL, '45', 0, 'HK2', 104),
	(590, NULL, 'Final', 0, 'HK2', 104),
	(591, NULL, '15', 0, 'HK1', 105),
	(592, NULL, '45', 0, 'HK1', 105),
	(593, NULL, 'Final', 0, 'HK1', 105),
	(594, NULL, '15', 0, 'HK2', 105),
	(595, NULL, '45', 0, 'HK2', 105),
	(596, NULL, 'Final', 0, 'HK2', 105);

-- Dumping structure for table project_final.roles
CREATE TABLE IF NOT EXISTS `roles` (
  `id` int(11) NOT NULL AUTO_INCREMENT,
  `name` varchar(255) DEFAULT NULL,
  PRIMARY KEY (`id`)
) ENGINE=InnoDB AUTO_INCREMENT=4 DEFAULT CHARSET=utf8mb4 COLLATE=utf8mb4_general_ci;

-- Dumping data for table project_final.roles: ~3 rows (approximately)
INSERT INTO `roles` (`id`, `name`) VALUES
	(1, 'ROLE_ADMIN'),
	(2, 'ROLE_USER'),
	(3, 'ROLE_TEACHER');

-- Dumping structure for table project_final.schools
CREATE TABLE IF NOT EXISTS `schools` (
  `id_school` int(11) NOT NULL AUTO_INCREMENT,
  `address_school` varchar(255) DEFAULT NULL,
  `avatar_school` varchar(255) DEFAULT NULL,
  `email_school` varchar(255) DEFAULT NULL,
  `name_school` varchar(255) DEFAULT NULL,
  `phone_number_school` varchar(255) DEFAULT NULL,
  PRIMARY KEY (`id_school`)
) ENGINE=InnoDB AUTO_INCREMENT=4 DEFAULT CHARSET=utf8mb4 COLLATE=utf8mb4_general_ci;

-- Dumping data for table project_final.schools: ~3 rows (approximately)
INSERT INTO `schools` (`id_school`, `address_school`, `avatar_school`, `email_school`, `name_school`, `phone_number_school`) VALUES
	(1, 'Đường Lê Quý Đôn, P. Tân Hiệp, Tp. Biên Hòa, Đồng Nai', 'http://res.cloudinary.com/dz8vpmcub/image/upload/v1691402635/school_1.jpg', 'c3.luongthevinh@dongnai.edu.vn', 'Trường THPT chuyên Lương Thế Vinh', '02516573553'),
	(2, '328 đường 30/4 phường Trung Dũng, Biên Hòa, Đồng Nai', 'https://res.cloudinary.com/dz8vpmcub/image/upload/v1691122031/school_2.jpg', 'c3.ngoquyen@dongnai.edu.vn', 'Trường THPT Ngô Quyền', '02513829029'),
	(3, 'Khu phố 9, Phường Tân Biên, TP. Biên Hòa, Tỉnh Đồng Nai', 'https://res.cloudinary.com/dz8vpmcub/image/upload/v1691132856/school_3.png', 'c3.nguyentrai@dongnai.edu.vn', 'Trường THPT Nguyễn Trãi', '02513884351');

-- Dumping structure for table project_final.students
CREATE TABLE IF NOT EXISTS `students` (
  `id_student` int(11) NOT NULL AUTO_INCREMENT,
  `address` varchar(255) DEFAULT NULL,
  `avatar` varchar(255) DEFAULT NULL,
  `date_of_birth` date DEFAULT NULL,
  `email` varchar(255) DEFAULT NULL,
  `name_student` varchar(255) DEFAULT NULL,
  `phone_number` varchar(255) DEFAULT NULL,
  `id_class` int(11) DEFAULT NULL,
  PRIMARY KEY (`id_student`),
  KEY `FKrb0e7kefosc13g9fc8xri0fyq` (`id_class`),
  CONSTRAINT `FKrb0e7kefosc13g9fc8xri0fyq` FOREIGN KEY (`id_class`) REFERENCES `classes` (`id_class`)
) ENGINE=InnoDB AUTO_INCREMENT=16 DEFAULT CHARSET=utf8mb4 COLLATE=utf8mb4_general_ci;

-- Dumping data for table project_final.students: ~7 rows (approximately)
INSERT INTO `students` (`id_student`, `address`, `avatar`, `date_of_birth`, `email`, `name_student`, `phone_number`, `id_class`) VALUES
	(1, '123 Đường Mai Hắc Đế, Quận Hai Bà Trưng, Hà Nội', 'http://res.cloudinary.com/dz8vpmcub/image/upload/v1691679450/student_1.jpg', '2008-01-25', 'nguyen.van.anh@gmail.com', 'Nguyễn Văn Anh', '0901122334', 1),
	(6, '219/3 KP4 Tân Biên, Biên Hoà, Đồng Nai', NULL, '2003-05-02', 'dongph.0502@gmail.com', 'Phạm Ngọc Viễn Đông', '0813535314', 19),
	(7, '12/4 Đường Nguyễn Gia Trí, Quận Bình Thạnh, TP.HCM', NULL, '2002-02-05', 'namnguyen2k2@gmail.com', 'Nguyễn Phương Nam', '0863259417', 10),
	(11, '68/2 Quận Thủ Đức, TP.HCM', 'http://res.cloudinary.com/dz8vpmcub/image/upload/v1693133469/student_11.jpg', '2003-10-25', 'hungle2k3@gmail.com', 'Lê Việt Hùng', '0963521674', 1),
	(13, '12 Quận Bình Thạnh, TP.HCM', 'http://res.cloudinary.com/dz8vpmcub/image/upload/v1692957652/student_13.jpg', '2003-12-25', 'dungnguyen@gmail.com', 'Nguyễn Tấn Dũng', '0963254178', 1),
	(14, '36/2 Quận Tân Bình, TP.HCM', 'http://res.cloudinary.com/dz8vpmcub/image/upload/v1693133528/student_14.jpg', '2003-01-02', 'vientay@gmail.com', 'Phạm Ngọc Viễn Tây', '0852364179', 1),
	(15, '148/12 Quận Tân Bình, TP.HCM', 'http://res.cloudinary.com/dz8vpmcub/image/upload/v1693133549/student_15.jpg', '2003-02-10', 'vienbac@gmail.com', 'Phạm Ngọc Viễn Bắc', '0863252141', 1);

-- Dumping structure for table project_final.subjects
CREATE TABLE IF NOT EXISTS `subjects` (
  `id_subject` int(11) NOT NULL AUTO_INCREMENT,
  `name_subject` varchar(255) DEFAULT NULL,
  PRIMARY KEY (`id_subject`)
) ENGINE=InnoDB AUTO_INCREMENT=9 DEFAULT CHARSET=utf8mb4 COLLATE=utf8mb4_general_ci;

-- Dumping data for table project_final.subjects: ~8 rows (approximately)
INSERT INTO `subjects` (`id_subject`, `name_subject`) VALUES
	(1, 'Toán'),
	(2, 'Tiếng Anh'),
	(3, 'Ngữ Văn'),
	(4, 'Vật Lý'),
	(5, 'Hoá Học'),
	(6, 'Tin Học'),
	(7, 'Lịch Sử'),
	(8, 'Địa Lý');

-- Dumping structure for table project_final.teachers
CREATE TABLE IF NOT EXISTS `teachers` (
  `id_teacher` int(11) NOT NULL AUTO_INCREMENT,
  `address` varchar(255) DEFAULT NULL,
  `avatar` varchar(255) DEFAULT NULL,
  `date_of_birth` date DEFAULT NULL,
  `email` varchar(255) DEFAULT NULL,
  `name_teacher` varchar(255) DEFAULT NULL,
  `phone_number` varchar(255) DEFAULT NULL,
  PRIMARY KEY (`id_teacher`)
) ENGINE=InnoDB AUTO_INCREMENT=28 DEFAULT CHARSET=utf8mb4 COLLATE=utf8mb4_general_ci;

-- Dumping data for table project_final.teachers: ~27 rows (approximately)
INSERT INTO `teachers` (`id_teacher`, `address`, `avatar`, `date_of_birth`, `email`, `name_teacher`, `phone_number`) VALUES
	(1, '123 Đường Mai Hắc Đế, Quận Hai Bà Trưng, Hà Nội', 'https://res.cloudinary.com/dz8vpmcub/image/upload/v1691644210/teacher_1.jpg', '1980-01-15', 'nguyen.van.anh@gmail.com', 'Nguyễn Văn Anh', '0901122334'),
	(2, '456 Đường Lê Lợi, Quận Sơn Trà, Đà Nẵng', NULL, '1975-03-15', 'tran.thi.bao@gmail.com', 'Trần Thị Bảo', '0912233445'),
	(3, '789 Đường Trần Phú, Quận Ba Đình, Hà Nội', NULL, '1992-05-05', 'le.van.cuong@gmail.com', 'Lê Văn Cường', '0913344556'),
	(4, '321 Đường Nguyễn Trãi, Quận 1, TP.HCM', NULL, '1988-07-10', 'hoang.thi.dung@gmail.com', 'Hoàng Thị Dung', '0914455667'),
	(5, '654 Đường Phạm Văn Đồng, Quận Sơn Trà, Đà Nẵng', NULL, '1979-09-20', 'pham.van.duc@gmail.com', 'Phạm Văn Đức', '0915566778'),
	(6, '123 Đường Trường Chinh, Quận Tân Bình, TP.HCM', NULL, '1977-02-12', 'nguyen.thi.an@gmail.com', 'Nguyễn Thị An', '0901222334'),
	(7, '456 Đường Bà Triệu, Quận Hoàn Kiếm, Hà Nội', NULL, '1985-04-23', 'tran.van.linh@gmail.com', 'Trần Văn Linh', '0912233445'),
	(8, '789 Đường Lý Nam Đế, Quận Hải Châu, Đà Nẵng', NULL, '1983-06-07', 'le.thi.huong@gmail.com', 'Lê Thị Hương', '0913344556'),
	(9, '321 Đường Nguyễn Văn Thoại, Quận Sơn Trà, Đà Nẵng', NULL, '1990-08-15', 'hoang.thanh.trung@gmail.com', 'Hoàng Thanh Trung', '0914455667'),
	(10, '654 Đường Hai Bà Trưng, Quận 1, TP.HCM', NULL, '1982-10-30', 'pham.van.nam@gmail.com', 'Phạm Văn Nam', '0915566778'),
	(11, '789 Đường Lê Duẩn, Quận 3, TP.HCM', NULL, '1989-01-10', 'nguyen.thanh.thao@gmail.com', 'Nguyễn Thanh Thảo', '0901222334'),
	(12, '456 Đường Hùng Vương, Quận Hai Bà Trưng, Hà Nội', NULL, '1987-03-20', 'tran.quang.minh@gmail.com', 'Trần Quang Minh', '0912233445'),
	(13, '789 Đường Võ Văn Kiệt, Quận Sơn Trà, Đà Nẵng', NULL, '1984-05-15', 'le.thi.kim@gmail.com', 'Lê Thị Kim', '0913344556'),
	(14, '321 Đường Trưng Nữ Vương, Quận Thanh Khê, Đà Nẵng', NULL, '1991-07-25', 'hoang.van.tuan@gmail.com', 'Hoàng Văn Tuấn', '0914455667'),
	(15, '654 Đường Lý Thường Kiệt, Quận Hoàn Kiếm, Hà Nội', NULL, '1978-09-05', 'pham.thi.thuy@gmail.com', 'Phạm Thị Thùy', '0915566778'),
	(16, '123 Đường Lê Lợi, Quận 1, TP.HCM', NULL, '1986-02-12', 'nguyen.van.thien@gmail.com', 'Nguyễn Văn Thiên', '0901222334'),
	(17, '456 Đường Lý Thường Kiệt, Quận Ba Đình, Hà Nội', NULL, '1995-04-23', 'tran.thi.linh@gmail.com', 'Trần Thị Linh', '0912233445'),
	(18, '789 Đường Nguyễn Du, Quận Sơn Trà, Đà Nẵng', NULL, '1981-06-07', 'le.van.an@gmail.com', 'Lê Văn An', '0913344556'),
	(19, '321 Đường Trần Hưng Đạo, Quận 5, TP.HCM', NULL, '1976-08-15', 'hoang.thi.mai@gmail.com', 'Hoàng Thị Mai', '0914455667'),
	(20, '654 Đường Ngô Quyền, Quận Hải Châu, Đà Nẵng', NULL, '1993-10-30', 'pham.van.khoa@gmail.com', 'Phạm Văn Khoa', '0915566778'),
	(21, '123 Đường Lý Thường Kiệt, Quận 10, TP.HCM', NULL, '1980-02-12', 'nguyen.thanh.tung@gmail.com', 'Nguyễn Thanh Tùng', '0901222334'),
	(22, '456 Đường Trần Hưng Đạo, Quận 1, TP.HCM', NULL, '1977-04-23', 'tran.van.trang@gmail.com', 'Trần Văn Trang', '0912233445'),
	(23, '789 Đường Nguyễn Văn Cừ, Quận Bình Thạnh, TP.HCM', NULL, '1984-06-07', 'le.thi.thu@gmail.com', 'Lê Thị Thư', '0913344556'),
	(24, '321 Đường Hoàng Diệu, Quận Hải Châu, Đà Nẵng', NULL, '1992-08-15', 'hoang.thi.tram@gmail.com', 'Hoàng Thị Trâm', '0914455667'),
	(25, '654 Đường Phan Đình Phùng, Quận Cẩm Lệ, Đà Nẵng', NULL, '1989-10-30', 'pham.van.tai@gmail.com', 'Phạm Văn Tài', '0915566778'),
	(26, '156 Đường Phan Đình Phùng, Quận Cẩm Lệ, Đà Nẵng', NULL, '1988-11-30', 'phan.van.nong@gmail.com', 'Phan Văn Nông', '0963552012'),
	(27, '13 Đường Phan Đình Phùng, Quận Cẩm Lệ, Đà Nẵng', NULL, '1985-10-30', 'pham.van.thai@gmail.com', 'Phạm Văn Thái', '0845217896');

-- Dumping structure for table project_final.teacher_subject
CREATE TABLE IF NOT EXISTS `teacher_subject` (
  `teacher_id` int(11) NOT NULL,
  `subject_id` int(11) NOT NULL,
  KEY `FKlbm776mn6b4lu6hsdf29unq6x` (`subject_id`),
  KEY `FKa1d1n8m8pv7rr2493x6jp3f3q` (`teacher_id`),
  CONSTRAINT `FKa1d1n8m8pv7rr2493x6jp3f3q` FOREIGN KEY (`teacher_id`) REFERENCES `teachers` (`id_teacher`),
  CONSTRAINT `FKlbm776mn6b4lu6hsdf29unq6x` FOREIGN KEY (`subject_id`) REFERENCES `subjects` (`id_subject`)
) ENGINE=InnoDB DEFAULT CHARSET=utf8mb4 COLLATE=utf8mb4_general_ci;

-- Dumping data for table project_final.teacher_subject: ~15 rows (approximately)
INSERT INTO `teacher_subject` (`teacher_id`, `subject_id`) VALUES
	(3, 1),
	(3, 2),
	(3, 3),
	(2, 1),
	(2, 2),
	(2, 3),
	(4, 5),
	(4, 6),
	(4, 7),
	(5, 5),
	(5, 8),
	(1, 1),
	(1, 2),
	(1, 4),
	(1, 7);

/*!40103 SET TIME_ZONE=IFNULL(@OLD_TIME_ZONE, 'system') */;
/*!40101 SET SQL_MODE=IFNULL(@OLD_SQL_MODE, '') */;
/*!40014 SET FOREIGN_KEY_CHECKS=IFNULL(@OLD_FOREIGN_KEY_CHECKS, 1) */;
/*!40101 SET CHARACTER_SET_CLIENT=@OLD_CHARACTER_SET_CLIENT */;
/*!40111 SET SQL_NOTES=IFNULL(@OLD_SQL_NOTES, 1) */;
